<?xml version="1.0" encoding="UTF-8"?>
<web-app xmlns:xsi="http://www.w3.org/2001/XMLSchema-instance" xmlns="http://java.sun.com/xml/ns/javaee" xsi:schemaLocation="http://java.sun.com/xml/ns/javaee http://java.sun.com/xml/ns/javaee/web-app_2_5.xsd" version="2.5">
  <display-name>project</display-name>
  <servlet>
    <servlet-name>faceServlet</servlet-name>
    <servlet-class>javax.faces.webapp.FacesServlet</servlet-class>
    <load-on-startup>1</load-on-startup>
  </servlet>
  <servlet-mapping>
    <servlet-name>faceServlet</servlet-name>
    <url-pattern>/faces/*</url-pattern>
    <url-pattern>*.faces</url-pattern>
    <url-pattern>*.jsf</url-pattern>
    <url-pattern>*.xhtml</url-pattern>
  </servlet-mapping>
</web-app>
